no. nodes_block,stale block rate (simblock),mean propagation time,mean propagation time 50%,median propagation time,number of orphan (mine),total block propagation time,average block interval
274065,2740,15341.6103,4898.7787,10394.5,3858,1.53E+08,184.6639501
222911,2229,45957.945,3566.9792,8153.5,3788,4.60E+08,393.3904644
4544,45,10895.4779,3486.815,10410,61,1.09E+08,601.3957597
468001,52,18449.1588,6360.7486,17035,133,1.84E+08,639.3054005
10818356,1202,24847.0878,7246.0269,17750,3066,2.48E+08,126.433113
,,,,,,,
10468478,1163,24344.8983,7203.2601,17524.0,2860,2.43448983E8,134.7523056000002
